"氏名","ふりがな","氏名ふりがな"
"渡部登志雄","わたなべとしお","渡部登志雄（わたなべとしお）"
"和田","わだ","和田（わだ）"
"藤原","ふじわら","藤原（ふじわら）"
"石井賢二","いしいけんじ","石井賢二（いしいけんじ）"
"秋成靖","あきなるやすし","秋成靖（あきなるやすし）"
"佐藤伸","さとうしん","佐藤伸（さとうしん）"
"糸瀬敬一","いとせけいいち","糸瀬敬一（いとせけいいち）"
"荒尾","あらお","荒尾（あらお）"
"押見隆太","おしみりゅうた","押見隆太（おしみりゅうた）"
"溝口","みぞぐち","溝口（みぞぐち）"
"塩野目","しおのめ","塩野目（しおのめ）"
"都野圭子","みやこのけいこ","都野圭子（みやこのけいこ）"
"高瀬三徳","たかせさんとく","高瀬三徳（たかせさんとく）"
"飯田茂","いいだしげる","飯田茂（いいだしげる）"
"末安広明","すえやすひろあき","末安広明（すえやすひろあき）"
"松本洋之","まつもとひろゆき","松本洋之（まつもとひろゆき）"
"冨田俊一","とみたとしかず","冨田俊一（とみたとしかず）"
"大森","おおもり","大森（おおもり）"
"田中健","たなかたけし","田中健（たなかたけし）"
"黒沼良光","くろぬまよしみつ","黒沼良光（くろぬまよしみつ）"
"荒尾大介","あらおだいすけ","荒尾大介（あらおだいすけ）"
"有川","ありかわ","有川（ありかわ）"
"須藤英児","すどうえいじ","須藤英児（すどうえいじ）"
"海老澤圭介","えびさわけいすけ","海老澤圭介（えびさわけいすけ）"
"植田智一","うえだともかず","植田智一（うえだともかず）"
"清波貞子","きよしなみさだこ","清波貞子（きよしなみさだこ）"
"山崎","やまざき","山崎（やまざき）"
"末安","すえやす","末安（すえやす）"
"深川","ふかがわ","深川（ふかがわ）"
"大橋武司","おおはしたけし","大橋武司（おおはしたけし）"
"小原","こはら","小原（こはら）"
"森","もり","森（もり）"
"小峰由枝","こみねゆき","小峰由枝（こみねゆき）"
"秋成","あきなる","秋成（あきなる）"
"荻野","おぎの","荻野（おぎの）"
"古山昌子","ふるやままさこ","古山昌子（ふるやままさこ）"
"福井亮二","ふくいりょうじ","福井亮二（ふくいりょうじ）"
"大橋","おおはし","大橋（おおはし）"
"馬橋","まばし","馬橋（まばし）"
"鈴木晶雅","すずきあきまさ","鈴木晶雅（すずきあきまさ）"
"高瀬","たかせ","高瀬（たかせ）"
"黒川","くろかわ","黒川（くろかわ）"
"湯本","ゆもと","湯本（ゆもと）"
"冨田","とみた","冨田（とみた）"
"清水","しみず","清水（しみず）"
"伊佐治剛","いさおさむつよし","伊佐治剛（いさおさむつよし）"
"海老沢","えびさわ","海老沢（えびさわ）"
"岡元","おかもと","岡元（おかもと）"
"藤原幸雄","ふじわらゆきお","藤原幸雄（ふじわらゆきお）"
"沼田秀弘","ぬまたひでひろ","沼田秀弘（ぬまたひでひろ）"
"三沢","みさわ","三沢（みさわ）"
"森愛","もりあい","森愛（もりあい）"
"小川","おがわ","小川（おがわ）"
"犬伏","いぬぶし","犬伏（いぬぶし）"
"金子〔悦〕","かねこ〔えつ〕","金子〔悦〕（かねこ〔えつ〕）"
"高山雄一","こうざんゆういち","高山雄一（こうざんゆういち）"
"福井","ふくい","福井（ふくい）"
"津田智紀","つだとものり","津田智紀（つだとものり）"
"山崎勝広","やまざきかつひろ","山崎勝広（やまざきかつひろ）"
"柳ヶ瀬","やなぎゖせ","柳ヶ瀬（やなぎゖせ）"
"野呂","のろ","野呂（のろ）"
"安藤","あんどう","安藤（あんどう）"
"高橋博","たかはしひろし","高橋博（たかはしひろし）"
"北澤","きたざわ","北澤（きたざわ）"
"野呂恵子","のろけいこ","野呂恵子（のろけいこ）"
"内田","うちだ","内田（うちだ）"
"広川恵美子","ひろかわえみこ","広川恵美子（ひろかわえみこ）"
"海老澤信吉","えびさわしんきち","海老澤信吉（えびさわしんきち）"
"河津章夫","かわづあきお","河津章夫（かわづあきお）"
"川上","かわかみ","川上（かわかみ）"
"清水菊美","しみずきくみ","清水菊美（しみずきくみ）"
"勝亦聡","かつまたさとし","勝亦聡（かつまたさとし）"
"金子悦子","かねこえつこ","金子悦子（かねこえつこ）"
"広川","ひろかわ","広川（ひろかわ）"
"和田正子","わだまさこ","和田正子（わだまさこ）"
"古山","ふるやま","古山（ふるやま）"
"勝亦","かつまた","勝亦（かつまた）"
"田中〔健〕","たなか〔たけし〕","田中〔健〕（たなか〔たけし〕）"
"犬伏秀一","いぬぶししゅういち","犬伏秀一（いぬぶししゅういち）"
"金子富夫","かねことみお","金子富夫（かねことみお）"
"鈴木康文","すずきやすふみ","鈴木康文（すずきやすふみ）"
"国分輝","こくぶんてる","国分輝（こくぶんてる）"
"木村勝","きむらかち","木村勝（きむらかち）"
"松本","まつもと","松本（まつもと）"
"鈴木章浩","すずきあきひろ","鈴木章浩（すずきあきひろ）"
"松原","まつばら","松原（まつばら）"
"柳瀬吉助","やなせきちすけ","柳瀬吉助（やなせきちすけ）"
"河津","かわづ","河津（かわづ）"
"永井","ながい","永井（ながい）"
"松原茂登樹","まつばらもとき","松原茂登樹（まつばらもとき）"
"鈴木〔隆〕","すずき〔たかし〕","鈴木〔隆〕（すずき〔たかし〕）"
"奥本有里","おくもとゆり","奥本有里（おくもとゆり）"
"大森昭彦","おおもりあきひこ","大森昭彦（おおもりあきひこ）"
"奥本","おくもと","奥本（おくもと）"
"杉山公一","すぎやまこういち","杉山公一（すぎやまこういち）"
"有川靖夫","ありかわやすお","有川靖夫（ありかわやすお）"
"渡部","わたなべ","渡部（わたなべ）"
"神林","かんばやし","神林（かんばやし）"
"渡司","わたりつかさ","渡司（わたりつかさ）"
"長野","ながの","長野（ながの）"
"水井","みずい","水井（みずい）"
"木田","きだ","木田（きだ）"
"伊藤和弘","いとうかずひろ","伊藤和弘（いとうかずひろ）"
"岡","おか","岡（おか）"
"鈴木隆之","すずきたかゆき","鈴木隆之（すずきたかゆき）"
"中村稔","なかむらみのる","中村稔（なかむらみのる）"
"岡元由美","おかもとゆみ","岡元由美（おかもとゆみ）"
"柳ヶ瀬裕文","やなぎゖせひろふみ","柳ヶ瀬裕文（やなぎゖせひろふみ）"
"荒川善夫","あらかわよしお","荒川善夫（あらかわよしお）"
"平野","へいや","平野（へいや）"
"杉山","すぎやま","杉山（すぎやま）"
"岸田〔正〕","きしだ〔せい〕","岸田〔正〕（きしだ〔せい〕）"
"松原〔秀〕","まつばら〔しゅう〕","松原〔秀〕（まつばら〔しゅう〕）"
"神林茂","かんばやししげる","神林茂（かんばやししげる）"
"庄嶋孝広","しょうしまたかひろ","庄嶋孝広（しょうしまたかひろ）"
"三村昭彦","みむらあきひこ","三村昭彦（みむらあきひこ）"
"松原元","まつばらもと","松原元（まつばらもと）"
"渋谷","しぶや","渋谷（しぶや）"
"渡司幸","わたりつかささち","渡司幸（わたりつかささち）"
"湯本良太郎","ゆもとりょうたろう","湯本良太郎（ゆもとりょうたろう）"
"椿","つばき","椿（つばき）"
"清波","きよしなみ","清波（きよしなみ）"
"森おさむ","もりおさむ","森おさむ（もりおさむ）"
"大竹","おおたけ","大竹（おおたけ）"
"岸田正","きしだせい","岸田正（きしだせい）"
"石田","いしだ","石田（いしだ）"
"伊達","だて","伊達（だて）"
"菅谷","すがや","菅谷（すがや）"
"伊佐治","いさおさむ","伊佐治（いさおさむ）"
"岡高志","おかたかし","岡高志（おかたかし）"
"近藤忠夫","こんどうただお","近藤忠夫（こんどうただお）"
"平野春望","へいやしゅんぼう","平野春望（へいやしゅんぼう）"
"丸山かよ","まるやまかよ","丸山かよ（まるやまかよ）"
"丸山","まるやま","丸山（まるやま）"
"田中","たなか","田中（たなか）"
"松原秀典","まつばらひでのり","松原秀典（まつばらひでのり）"
"荒木秀樹","あらきひでき","荒木秀樹（あらきひでき）"
"木村","きむら","木村（きむら）"
"石塚初美","いしづかはつみ","石塚初美（いしづかはつみ）"
"柳瀬","やなせ","柳瀬（やなせ）"
"松原〔茂〕","まつばら〔しげる〕","松原〔茂〕（まつばら〔しげる〕）"
"馬橋靖世","まばしやすしよ","馬橋靖世（まばしやすしよ）"
"飯田","いいだ","飯田（いいだ）"
"金子〔富〕","かねこ〔とみ〕","金子〔富〕（かねこ〔とみ〕）"
"田村英樹","たむらひでき","田村英樹（たむらひでき）"
"佐藤誠","さとうまこと","佐藤誠（さとうまこと）"
"西村","にしむら","西村（にしむら）"
"永井敬臣","ながいたかししん","永井敬臣（ながいたかししん）"
"都野","みやこの","都野（みやこの）"
"植田","うえだ","植田（うえだ）"
"玉川","たまがわ","玉川（たまがわ）"
"椿真一","つばきしんいち","椿真一（つばきしんいち）"
"西村健志郎","にしむらたけしろう","西村健志郎（にしむらたけしろう）"
"水井達興","みずいとおるきょう","水井達興（みずいとおるきょう）"
"小峰","こみね","小峰（こみね）"
"溝口誠","みぞぐちまこと","溝口誠（みぞぐちまこと）"
"松原隆","まつばらたかし","松原隆（まつばらたかし）"
"黒川仁","くろかわひとし","黒川仁（くろかわひとし）"
"岸田哲治","きしだてつじ","岸田哲治（きしだてつじ）"
"川上智由","かわかみともよし","川上智由（かわかみともよし）"
"押見","おしみ","押見（おしみ）"
"玉川英俊","たまがわひでとし","玉川英俊（たまがわひでとし）"
"近藤","こんどう","近藤（こんどう）"
"岸田〔哲〕","きしだ〔さとし〕","岸田〔哲〕（きしだ〔さとし〕）"
"津田","つだ","津田（つだ）"
"鈴木","すずき","鈴木（すずき）"
"菅谷郁恵","すがやいくえ","菅谷郁恵（すがやいくえ）"
"伊藤","いとう","伊藤（いとう）"
"鈴木〔康〕","すずき〔やすし〕","鈴木〔康〕（すずき〔やすし〕）"
"飯島修一郎","いいじましゅういちろう","飯島修一郎（いいじましゅういちろう）"
"安藤充","あんどうじゅう","安藤充（あんどうじゅう）"
"荒木","あらき","荒木（あらき）"
"渋谷要","しぶやよう","渋谷要（しぶやよう）"
"松原〔元〕","まつばら〔もと〕","松原〔元〕（まつばら〔もと〕）"
"-","-","-（-）"
"小川あずさ","おがわあずさ","小川あずさ（おがわあずさ）"
"塩野目正樹","しおのめまさき","塩野目正樹（しおのめまさき）"
"奈須","なす","奈須（なす）"
"荒川","あらかわ","荒川（あらかわ）"
"黒沼","くろぬま","黒沼（くろぬま）"
"三沢清太郎","みさわせいたろう","三沢清太郎（みさわせいたろう）"
"関根勉","せきねつとむ","関根勉（せきねつとむ）"
"北澤潤子","きたざわじゅんこ","北澤潤子（きたざわじゅんこ）"
"内田秀子","うちだひでこ","内田秀子（うちだひでこ）"
"須藤","すどう","須藤（すどう）"
"田中〔一〕","たなか〔いち〕","田中〔一〕（たなか〔いち〕）"
"荻野稔","おぎのみのる","荻野稔（おぎのみのる）"
"高山","こうざん","高山（こうざん）"
"田島和雄","たじまかずお","田島和雄（たじまかずお）"
"岡崎幸夫","おかざきゆきお","岡崎幸夫（おかざきゆきお）"
"大竹辰治","おおたけたつじ","大竹辰治（おおたけたつじ）"
"佐藤","さとう","佐藤（さとう）"
"沼田","ぬまた","沼田（ぬまた）"
"田中一吉","たなかかずよし","田中一吉（たなかかずよし）"
"小原直美","こはらなおみ","小原直美（こはらなおみ）"
"高橋","たかはし","高橋（たかはし）"
"田村","たむら","田村（たむら）"
"長野元祐","ながのもとすけ","長野元祐（ながのもとすけ）"
"庄嶋","しょうしま","庄嶋（しょうしま）"
"小関直彦","おぜきなおひこ","小関直彦（おぜきなおひこ）"
"奈須利江","なすとしえ","奈須利江（なすとしえ）"
"海老澤","えびさわ","海老澤（えびさわ）"
"森脩","もりしゅう","森脩（もりしゅう）"
"田口","たぐち","田口（たぐち）"
"金子","かねこ","金子（かねこ）"
"岸田","きしだ","岸田（きしだ）"
"佐藤得美","さとうえび","佐藤得美（さとうえび）"
"田口仁","たぐちひとし","田口仁（たぐちひとし）"
"田島","たじま","田島（たじま）"
"深川幹祐","ふかがわかんすけ","深川幹祐（ふかがわかんすけ）"
"小笠原春美","おがさわらはるみ","小笠原春美（おがさわらはるみ）"
